1pwm,d,v,FID
1lox,d,v,RS7
3etr,d,v,LUZ
3f1q,d,v,MTE
3ia4,d,v,MTX
2cl5,d,v,BIE
1uou,d,v,CMU
1t46,d,v,STI
1unl,d,v,RRC
1q41,d,v,IXM
2i1m,d,v,5CN
1pmn,d,v,984
1fk9,d,v,EFZ
1e66,d,v,HUX
1xoz,d,v,CIA
1owe,d,v,675
1r55,d,v,97
3f0r,d,v,TSN
1oq5,d,v,CEL
1kzn,d,v,CBN
2aa2,d,v,AS4
3b68,d,v,B68
1sqn,d,v,NDR
1v16,n,v,BEN
3jdw,n,v,ORN
1ajs,n,v,PLA
1wvc,n,v,CTP
1kc7,n,v,PPR
1mai,n,v,I3P
1px4,n,v,IPT
1od8,n,v,XDL
1bmq,n,v,MNO
1bls,n,v,IPP
1m0n,n,v,HCP
1ec9,n,v,XYH
1b74,n,v,DGN
1g98,n,v,PA5
1e9x,d,t,PIM
1hw8,d,t,114
1sqi,d,t,869_A_1501
1r9o,d,t,flp
4cox,d,t,IMN
1c14,d,t,TCL_A_502
2bxr,d,t,MLG
2gh5,d,t,ELI
1hvy,d,t,D16
1rsz,d,t,DIH
1n2v,d,t,BDI
1v4s,d,t,mrk
1u4d,d,t,DBQ
1m17,d,t,AQ4_A_999
2dq7,d,t,STU_X_902
1qpe,d,t,PP2
1qhi,d,t,BPG
2fb8,d,t,215_A_102
1ke6,d,t,ls2
2br1,d,t,pfp
1ywr,d,t,li9
2ivu,d,t,zd6
2hiw,d,t,7mp
2i0e,d,t,PDS_A_901
1ywn,d,t,lif
1ig3,d,t,vib
1yvf,d,t,PH7_A_800
1k8q,d,t,BOG_A_1006
1kvo,d,t,OAP_A_190
1xm6,d,t,5rm
1udt,d,t,via
1u30,d,t,lag
1r58,d,t,ao5
1rwq,d,t,5ap
1lpz,d,t,CMB_B_301
2g24,d,t,7ig
1hvr,d,t,xk2
1gkc,d,t,nfh
1yqy,d,t,915
1o5r,d,t,fr9
1js3,d,t,142
1k7f,d,t,iav
1j4i,d,t,tst
1vbm,d,t,YSA_A_3001
1rv1,d,t,IMZ_A_111
1gwr,d,t,est
1m2z,d,t,dex
3d4s,d,t,TIM_A_401
1ai2,n,t,nap
3pcm,n,t,nno
1d09,n,t,pal
1c9y,n,t,nva
1gpu,n,t,THD_A_1682
1qmf,n,t,KEF_A_900
1moq,n,t,GLP_A_609_
1ucn,n,t,ADP_A_1160
1t03,n,t,TFO
1qs4,n,t,100
1fth,n,t,A3P_B_5001
1rnt,n,t,2GP_A_105
1onz,n,t,968
1x9d,n,t,SMD_A_1003
1nnc,n,t,zmr
1olq,n,t,NAG
1jak,n,t,Ifg
1kts,n,t,c24
1nlj,n,t,2CA_A_300
1icj,n,t,2PE_A_2002
1hqg,n,t,orn
2gsu,n,t,AMP_A_1004
1g7v,n,t,PAI_A_300
1f9g,n,t,asc
1qxo,n,t,fmn
2gyi,n,t,hya
1o8b,n,t,abf
1cg0,n,t,imo
5yas,n,t,fac
1o86,n,t,lpr